{"children":[{"type":"CPalka","id":3,"x":39.21805831507824,"y":124.80947580888753,"z":-64.73000000000002,"width":10,"height":100,"depth":100,"children":[]}]}